{"reward_schema_version":4,"total_reward":1700526048.3156059,"reward_steps":3692990,"log_step":3693000,"best_stage":4,"best_stage_kill":0,"best_stage_kill_boss":0,"stage":4,"stage_kill":0,"stage_kill_boss":0,"enemy_type":5,"win_count":0,"best_avg_reward":283.41444216689433,"best_model_avg_reward":251.69351058641962,"best_model_score":[0,4,0,0.4693333333333334,20410.0,23350.0,251.69351058641962],"best_rollback_bad_logs":0,"best_rollback_count":0,"best_rollback_cooldown_until":0,"episode":20228,"death_resets":20228,"boss_stall_resets":0}