{"reward_schema_version":5,"total_reward":1699382793.8991768,"reward_steps":3732988,"log_step":3733000,"best_stage":4,"best_stage_kill":0,"best_stage_kill_boss":0,"stage":4,"stage_kill":0,"stage_kill_boss":0,"enemy_type":5,"win_count":0,"best_avg_reward":-164.41924382091477,"best_model_avg_reward":-164.41924382091477,"best_model_score":[0,4,0,0.1196666666666667,13095.0,15235.0,-164.41924382091477],"best_rollback_bad_logs":0,"best_rollback_count":0,"best_rollback_cooldown_until":0,"episode":20610,"death_resets":20610,"boss_stall_resets":0}